{
  "aggregate": {
    "patient_macro": {
      "test": {
        "accuracy": {
          "max": 0.5427429000024601,
          "mean": 0.5367397358391072,
          "min": 0.5322205572893517,
          "sample_std": 0.005415864106405329
        },
        "npv": {
          "max": 0.7301390767621883,
          "mean": 0.7205211260369381,
          "min": 0.7076786531857424,
          "sample_std": 0.011572200050719645
        },
        "ppv": {
          "max": 0.5232943748440839,
          "mean": 0.5079455813371666,
          "min": 0.49251629254159485,
          "sample_std": 0.015389199042618153
        },
        "sensitivity": {
          "max": 0.4879259820426487,
          "mean": 0.4830563049832349,
          "min": 0.4739344729344729,
          "sample_std": 0.007905769938539892
        },
        "specificity": {
          "max": 0.6324830768388868,
          "mean": 0.6257497810784762,
          "min": 0.6130087757334903,
          "sample_std": 0.011039996907851029
        }
      },
      "training": {
        "accuracy": {
          "max": 1.0,
          "mean": 0.9997092118378883,
          "min": 0.9991952030812326,
          "sample_std": 0.0004464247926424654
        },
        "npv": {
          "max": 1.0,
          "mean": 1.0,
          "min": 1.0,
          "sample_std": 0.0
        },
        "ppv": {
          "max": 1.0,
          "mean": 0.9918056774948786,
          "min": 0.9803921568627451,
          "sample_std": 0.010192610340806582
        },
        "sensitivity": {
          "max": 1.0,
          "mean": 1.0,
          "min": 1.0,
          "sample_std": 0.0
        },
        "specificity": {
          "max": 1.0,
          "mean": 0.9994184236757766,
          "min": 0.9983904061624651,
          "sample_std": 0.000892849585284903
        }
      },
      "validation": {
        "accuracy": {
          "max": 0.9898053621237354,
          "mean": 0.9875001242735432,
          "min": 0.9862146388380055,
          "sample_std": 0.002000811002835103
        },
        "npv": {
          "max": 0.9493670886075949,
          "mean": 0.9454113924050632,
          "min": 0.9375,
          "sample_std": 0.00685146680209205
        },
        "ppv": {
          "max": 0.974025974025974,
          "mean": 0.9579926246592914,
          "min": 0.9259259259259259,
          "sample_std": 0.027770575718596712
        },
        "sensitivity": {
          "max": 0.9885355056676455,
          "mean": 0.9802792748801327,
          "min": 0.9741352260486263,
          "sample_std": 0.007428862479407176
        },
        "specificity": {
          "max": 0.9982940516273849,
          "mean": 0.9947209736669537,
          "min": 0.9910752185798253,
          "sample_std": 0.0036099652513138653
        }
      }
    },
    "slice_micro": {
      "test": {
        "accuracy": {
          "max": 0.5244549204478491,
          "mean": 0.5175309369475545,
          "min": 0.5139952857984679,
          "sample_std": 0.00599679800737996
        },
        "brier": {
          "max": 0.46505688221819047,
          "mean": 0.4616419204244669,
          "min": 0.4571989094023405,
          "sample_std": 0.004028597535827351
        },
        "nll": {
          "max": 4.347111528264454,
          "mean": 4.044249805143511,
          "min": 3.8468571305044015,
          "sample_std": 0.2662825675111234
        },
        "npv": {
          "max": 0.520657043305127,
          "mean": 0.5147899800636034,
          "min": 0.5116222167849278,
          "sample_std": 0.005086421903420539
        },
        "ppv": {
          "max": 0.5299638989169675,
          "mean": 0.5215277783792186,
          "min": 0.5170333569907736,
          "sample_std": 0.00731111980232723
        },
        "sensitivity": {
          "max": 0.4325279905715969,
          "mean": 0.42457277548615197,
          "min": 0.41190335886859164,
          "sample_std": 0.01109106082776587
        },
        "specificity": {
          "max": 0.6163818503241013,
          "mean": 0.6104890984089569,
          "min": 0.5989982321744255,
          "sample_std": 0.009952472453773991
        }
      },
      "training": {
        "accuracy": {
          "max": 1.0,
          "mean": 0.9997559785261103,
          "min": 0.9993725162099979,
          "sample_std": 0.00033617969605359647
        },
        "brier": {
          "max": 0.0006135433668765466,
          "mean": 0.0003167890582536018,
          "min": 8.145804292397784e-05,
          "sample_std": 0.00027130852126440024
        },
        "nll": {
          "max": 0.0030118363188487147,
          "mean": 0.0021062870502404495,
          "min": 0.0011966897953181264,
          "sample_std": 0.0009075800323476681
        },
        "npv": {
          "max": 1.0,
          "mean": 1.0,
          "min": 1.0,
          "sample_std": 0.0
        },
        "ppv": {
          "max": 1.0,
          "mean": 0.9995124959551828,
          "min": 0.9987466053895968,
          "sample_std": 0.0006714713721047449
        },
        "sensitivity": {
          "max": 1.0,
          "mean": 1.0,
          "min": 1.0,
          "sample_std": 0.0
        },
        "specificity": {
          "max": 1.0,
          "mean": 0.9995119570522206,
          "min": 0.9987450324199958,
          "sample_std": 0.00067235939210717
        }
      },
      "validation": {
        "accuracy": {
          "max": 0.9910514541387024,
          "mean": 0.9892803877703207,
          "min": 0.9871364653243848,
          "sample_std": 0.0019839482339478413
        },
        "brier": {
          "max": 0.010635680150316705,
          "mean": 0.008998751948919576,
          "min": 0.008128967463708317,
          "sample_std": 0.0014185500464430083
        },
        "nll": {
          "max": 0.04225193916994614,
          "mean": 0.03610117704941165,
          "min": 0.030299407240800158,
          "sample_std": 0.005983903542391838
        },
        "npv": {
          "max": 0.9899553571428571,
          "mean": 0.9831112166094779,
          "min": 0.9764770240700219,
          "sample_std": 0.006741618813436805
        },
        "ppv": {
          "max": 0.9982837528604119,
          "mean": 0.995677643127091,
          "min": 0.992152466367713,
          "sample_std": 0.0031672830095646537
        },
        "sensitivity": {
          "max": 0.9899328859060402,
          "mean": 0.9828486204325131,
          "min": 0.9759507829977628,
          "sample_std": 0.006992915486022012
        },
        "specificity": {
          "max": 0.9983221476510067,
          "mean": 0.9957121551081283,
          "min": 0.9921700223713646,
          "sample_std": 0.0031802241068665
        }
      }
    }
  },
  "paper_table2": {
    "test": {
      "accuracy": 0.52,
      "npv": 0.41,
      "ppv": 0.62
    },
    "training": {
      "accuracy": 0.99,
      "npv": 0.99,
      "ppv": 0.98
    },
    "validation": {
      "accuracy": 0.99,
      "npv": 0.98,
      "ppv": 1.0
    }
  },
  "privacy": "Only de-identified aggregate metrics are included; raw predictions remain private.",
  "seeds": [
    2025,
    2026,
    2027
  ],
  "source_run_names": {
    "2025": "locked_table2_field_strength_resnet50-seed2025-20260713T175147Z",
    "2026": "locked_table2_field_strength_resnet50-seed2026-20260716T135531Z",
    "2027": "locked_table2_field_strength_resnet50-seed2027-20260716T154311Z"
  }
}
